year,month,precip,temp
1940,1,340.3,21.52
1940,2,322.7,20.3517
1940,3,195.2,21.1581
1940,4,62.4,20.5333
1940,5,46.0,18.9516
1940,6,11.4,17.7633
1940,7,12.4,18.3774
1940,8,23.2,18.2677
1940,9,52.5,18.64
1940,10,213.2,18.5258
1940,11,228.7,19.5367
1940,12,258.4,22.3226
1941,1,235.8,22.4452
1941,2,341.2,21.8
1941,3,342.8,20.6484
1941,4,192.5,20.96
1941,5,76.9,18.6355
1941,6,85.2,15.6667
1941,7,132.4,15.7903
1941,8,57.4,18.5129
1941,9,130.2,15.92
1941,10,152.2,19.3032
1941,11,241.3,20.9033
1941,12,383.2,20.7903
1942,1,244.8,21.2161
1942,2,109.9,21.9321
1942,3,158.2,21.7516
1942,4,69.9,19.1467
1942,5,161.3,16.8097
1942,6,106.4,14.34
1942,7,12.0,13.9387
1942,8,28.5,15.4677
1942,9,3.2,18.8967
1942,10,94.4,20.7065
1942,11,73.1,21.61
1942,12,119.9,20.3323
1943,1,122.1,21.0839
1943,2,114.4,21.2179
1943,3,115.2,20.6871
1943,4,68.8,17.7933
1943,5,84.9,17.371
1943,6,87.4,16.14
1943,7,50.7,15.1548
1943,8,93.9,14.8484
1943,9,61.6,17.34
1943,10,85.9,18.8774
1943,11,103.8,19.7933
1943,12,121.4,20.2387
1944,1,266.5,21.2581
1944,2,238.8,21.0621
1944,3,126.0,21.1677
1944,4,26.0,18.55
1944,5,8.5,18.6968
1944,6,53.9,17.1233
1944,7,12.5,16.2839
1944,8,10.1,18.9032
1944,9,20.8,21.5133
1944,10,230.5,20.4742
1944,11,137.8,19.45
1944,12,281.9,20.0355
1945,1,312.3,19.9903
1945,2,232.4,22.0179
1945,3,210.3,20.4903
1945,4,186.3,19.5133
1945,5,47.7,17.1613
1945,6,42.3,16.24
1945,7,96.0,16.929
1945,8,35.3,19.0645
1945,9,117.4,19.16
1945,10,209.6,20.2452
1945,11,388.1,19.8633
1945,12,524.7,20.0645
1946,1,322.1,22.2548
1946,2,242.0,22.2
1946,3,317.8,21.4581
1946,4,47.8,19.1933
1946,5,133.7,17.6677
1946,6,63.4,16.0433
1946,7,124.0,15.9161
1946,8,101.6,17.2258
1946,9,89.9,19.2433
1946,10,144.5,20.129
1946,11,134.8,21.2067
1946,12,298.9,21.2645
1947,1,223.7,23.5419
1947,2,298.6,21.7429
1947,3,269.7,19.3129
1947,4,84.3,19.7933
1947,5,106.7,17.8677
1947,6,52.8,17.3667
1947,7,76.3,15.1548
1947,8,88.9,16.5419
1947,9,60.8,17.11
1947,10,182.9,17.4613
1947,11,124.8,17.5067
1947,12,369.2,19.3839
1948,1,159.2,22.6968
1948,2,310.7,21.9759
1948,3,120.8,19.7839
1948,4,26.4,19.79
1948,5,122.7,17.1613
1948,6,30.1,16.0233
1948,7,40.0,17.2194
1948,8,22.4,16.8516
1948,9,17.4,19.8633
1948,10,193.0,18.2968
1948,11,188.9,19.8133
1948,12,153.6,21.4581
1949,1,269.1,21.4226
1949,2,229.6,21.0786
1949,3,189.0,21.5548
1949,4,58.7,18.5767
1949,5,64.2,17.4774
1949,6,124.3,16.9167
1949,7,5.9,16.1774
1949,8,84.5,17.1613
1949,9,223.9,17.2133
1949,10,124.7,18.6129
1949,11,132.0,18.1567
1949,12,512.8,19.7484
1950,1,329.2,21.229
1950,2,232.4,21.5929
1950,3,246.9,19.9516
1950,4,102.0,19.06
1950,5,69.1,18.4323
1950,6,70.9,16.4267
1950,7,40.5,15.8129
1950,8,7.7,17.8484
1950,9,84.4,18.09
1950,10,146.1,17.6581
1950,11,206.8,18.54
1950,12,246.5,21.329
1951,1,174.6,21.8774
1951,2,250.1,21.9786
1951,3,179.0,20.5774
1951,4,133.6,17.6167
1951,5,18.0,17.3194
1951,6,20.9,16.3067
1951,7,17.4,15.7516
1951,8,19.2,15.1806
1951,9,92.8,18.0167
1951,10,137.6,19.2065
1951,11,136.0,21.4333
1951,12,177.6,19.4129
1952,1,196.1,21.3774
1952,2,208.3,21.4069
1952,3,144.0,20.8387
1952,4,111.0,17.8567
1952,5,5.4,16.9839
1952,6,66.2,15.9233
1952,7,43.4,15.4935
1952,8,27.7,18.6839
1952,9,46.0,18.0833
1952,10,231.5,19.3387
1952,11,90.5,19.0067
1952,12,124.4,20.4387
1953,1,149.9,22.7968
1953,2,178.0,21.1536
1953,3,164.3,21.1548
1953,4,115.6,18.85
1953,5,37.3,17.1774
1953,6,11.5,16.2467
1953,7,8.8,15.4871
1953,8,16.0,18.1806
1953,9,119.5,19.09
1953,10,246.7,19.5935
1953,11,132.2,19.6167
1953,12,195.9,20.0097
1954,1,204.4,23.0516
1954,2,335.0,22.7286
1954,3,197.4,21.0387
1954,4,13.6,18.7933
1954,5,177.4,17.6129
1954,6,43.4,16.7833
1954,7,68.4,15.8903
1954,8,29.4,18.2065
1954,9,69.8,20.26
1954,10,143.6,19.2806
1954,11,110.3,19.93
1954,12,246.4,20.7
1955,1,189.8,20.6806
1955,2,115.1,23.2464
1955,3,119.9,22.0871
1955,4,124.8,19.23
1955,5,46.8,16.9452
1955,6,49.7,16.5367
1955,7,76.0,15.2194
1955,8,22.4,17.8935
1955,9,8.0,19.5633
1955,10,99.0,18.2935
1955,11,143.9,18.82
1955,12,262.8,21.9032
1956,1,104.9,24.2903
1956,2,140.6,22.2103
1956,3,168.8,20.871
1956,4,93.1,19.03
1956,5,149.9,15.8935
1956,6,100.6,14.29
1956,7,49.6,15.1355
1956,8,33.4,15.2774
1956,9,63.0,18.6767
1956,10,121.7,19.1258
1956,11,62.0,17.59
1956,12,184.2,20.1129
1957,1,242.3,21.9097
1957,2,197.4,20.8893
1957,3,143.0,20.9774
1957,4,117.4,18.55
1957,5,18.7,17.2387
1957,6,41.7,16.8733
1957,7,183.3,14.9935
1957,8,101.7,16.6968
1957,9,155.7,17.59
1957,10,140.4,19.8613
1957,11,210.0,19.73
1957,12,206.7,21.5226
1958,1,300.7,22.8452
1958,2,253.4,22.4857
1958,3,135.8,20.5968
1958,4,139.9,18.5767
1958,5,177.1,16.7484
1958,6,30.4,15.69
1958,7,38.8,16.4581
1958,8,12.5,18.4613
1958,9,180.3,18.0533
1958,10,180.8,19.3968
1958,11,95.4,21.47
1958,12,127.6,22.0097
1959,1,357.7,22.0194
1959,2,119.1,23.0536
1959,3,183.4,20.2323
1959,4,67.9,21.4233
1959,5,67.3,17.7613
1959,6,31.3,15.9733
1959,7,4.3,18.429
1959,8,76.5,17.8839
1959,9,12.4,20.17
1959,10,79.3,20.7871
1959,11,186.2,20.1067
1959,12,176.0,20.8677
1960,1,151.0,21.3613
1960,2,176.7,20.0414
1960,3,138.2,20.4161
1960,4,99.4,18.8267
1960,5,122.0,15.2903
1960,6,44.3,15.67
1960,7,4.3,15.5516
1960,8,40.3,17.3548
1960,9,147.6,19.46
1960,10,170.9,21.871
1960,11,217.8,20.1333
1960,12,258.5,21.3419
1961,1,128.0,21.8387
1961,2,228.0,22.0714
1961,3,165.5,21.4355
1961,4,77.1,20.7467
1961,5,50.8,18.8581
1961,6,32.0,17.46
1961,7,16.2,17.6355
1961,8,1.7,20.3194
1961,9,11.3,23.7967
1961,10,59.4,23.4774
1961,11,230.6,21.1233
1961,12,230.3,21.2419
1962,1,306.8,20.7613
1962,2,286.3,20.7679
1962,3,303.5,21.0677
1962,4,132.8,19.18
1962,5,57.1,16.371
1962,6,33.4,14.47
1962,7,47.2,14.3129
1962,8,56.0,16.7484
1962,9,66.1,18.2867
1962,10,149.6,17.2097
1962,11,87.6,19.2767
1962,12,295.6,20.2387
1963,1,271.9,22.2871
1963,2,236.1,21.1071
1963,3,163.6,21.929
1963,4,25.6,19.1933
1963,5,15.5,17.2968
1963,6,33.7,16.3433
1963,7,11.9,17.3935
1963,8,14.9,18.8742
1963,9,47.7,22.0967
1963,10,115.1,21.0
1963,11,172.8,21.7
1963,12,170.5,20.6613
1964,1,121.9,20.571
1964,2,315.4,21.331
1964,3,137.0,20.7
1964,4,98.6,19.9833
1964,5,51.3,17.1516
1964,6,66.0,15.53
1964,7,97.5,13.6645
1964,8,44.1,16.9161
1964,9,84.8,18.9567
1964,10,237.8,18.1258
1964,11,122.0,18.07
1964,12,233.1,19.6226
1965,1,288.4,20.7484
1965,2,261.5,21.2179
1965,3,177.8,19.8742
1965,4,73.3,19.7433
1965,5,88.7,17.5387
1965,6,29.8,17.5667
1965,7,81.3,15.4935
1965,8,12.8,18.5613
1965,9,58.4,20.67
1965,10,189.9,19.5129
1965,11,168.5,20.2667
1965,12,316.9,21.8484
1966,1,351.6,22.3774
1966,2,229.4,23.1036
1966,3,164.4,21.6871
1966,4,65.0,19.8267
1966,5,57.4,17.9419
1966,6,5.6,17.5067
1966,7,60.0,16.6903
1966,8,79.0,15.9226
1966,9,62.5,17.7433
1966,10,232.6,18.771
1966,11,148.9,19.29
1966,12,341.6,21.2677
1967,1,206.8,21.4839
1967,2,191.1,22.0821
1967,3,177.7,21.0935
1967,4,41.7,19.91
1967,5,3.8,19.2258
1967,6,83.4,16.9533
1967,7,50.9,16.3032
1967,8,4.0,19.4323
1967,9,57.6,19.32
1967,10,133.1,21.2935
1967,11,166.0,19.52
1967,12,147.0,19.4613
1968,1,118.9,21.4516
1968,2,90.8,20.4655
1968,3,214.0,20.5613
1968,4,62.1,17.5033
1968,5,39.4,15.029
1968,6,4.5,15.63
1968,7,12.1,15.2258
1968,8,66.5,15.8323
1968,9,42.5,17.5767
1968,10,148.4,19.0839
1968,11,71.5,21.4933
1968,12,148.9,21.5903
1969,1,121.4,23.0387
1969,2,168.5,22.9929
1969,3,97.7,21.8613
1969,4,45.1,19.4833
1969,5,23.8,18.7161
1969,6,19.3,17.09
1969,7,5.5,16.4129
1969,8,30.3,17.8968
1969,9,31.7,20.8567
1969,10,136.1,17.8742
1969,11,217.2,20.7867
1969,12,128.2,19.6903
1970,1,185.1,21.8
1970,2,236.2,22.1464
1970,3,124.7,21.8806
1970,4,40.1,19.67
1970,5,58.9,18.7645
1970,6,60.2,17.4067
1970,7,31.5,15.3419
1970,8,83.1,16.6161
1970,9,107.2,17.4267
1970,10,86.9,18.9419
1970,11,92.5,18.5233
1970,12,136.4,23.0419
1971,1,125.6,23.4
1971,2,101.7,23.4429
1971,3,138.7,21.9194
1971,4,64.6,19.1533
1971,5,65.5,17.0161
1971,6,97.6,15.6467
1971,7,31.3,15.9806
1971,8,25.6,17.1129
1971,9,107.8,18.2533
1971,10,118.0,17.9742
1971,11,87.9,18.8767
1971,12,232.0,20.9516
1972,1,319.7,22.4065
1972,2,171.2,21.4828
1972,3,109.9,22.1065
1972,4,67.9,18.1933
1972,5,39.1,18.4645
1972,6,4.9,18.2333
1972,7,83.5,16.471
1972,8,120.0,17.2516
1972,9,113.8,18.4067
1972,10,200.8,19.1806
1972,11,188.1,20.6167
1972,12,189.9,21.1806
1973,1,138.1,23.1194
1973,2,123.8,23.4464
1973,3,162.0,21.1419
1973,4,99.7,21.8333
1973,5,84.3,17.6419
1973,6,23.1,18.1833
1973,7,72.1,17.0677
1973,8,33.6,16.4161
1973,9,134.3,17.3367
1973,10,158.3,18.171
1973,11,209.0,18.4367
1973,12,297.9,21.029
1974,1,238.6,21.7419
1974,2,136.5,22.525
1974,3,227.3,21.2871
1974,4,111.5,19.1267
1974,5,30.3,17.9613
1974,6,135.3,15.72
1974,7,12.2,16.5677
1974,8,39.8,17.5871
1974,9,99.3,18.86
1974,10,170.9,18.7065
1974,11,113.7,19.9833
1974,12,185.3,20.0935
1975,1,175.6,21.1129
1975,2,329.7,22.1536
1975,3,101.7,21.6032
1975,4,52.1,18.7967
1975,5,23.4,16.871
1975,6,14.7,16.5
1975,7,57.9,14.4548
1975,8,6.2,19.3903
1975,9,54.5,19.2467
1975,10,176.7,19.2097
1975,11,263.5,19.69
1975,12,195.9,21.7452
1976,1,152.0,22.4194
1976,2,251.6,20.7621
1976,3,160.8,20.9613
1976,4,139.4,19.1933
1976,5,176.4,16.9903
1976,6,165.1,15.9067
1976,7,182.2,15.1839
1976,8,128.9,16.7161
1976,9,249.5,16.7267
1976,10,96.0,17.9516
1976,11,143.3,20.1267
1976,12,290.0,21.1032
1977,1,360.0,21.9032
1977,2,38.5,24.0036
1977,3,155.0,22.6839
1977,4,112.7,19.3233
1977,5,25.1,17.9839
1977,6,59.1,17.1733
1977,7,4.7,19.0645
1977,8,42.0,19.0613
1977,9,115.3,18.9333
1977,10,84.3,20.3
1977,11,264.5,20.1467
1977,12,200.8,20.1323
1978,1,159.8,22.9484
1978,2,118.4,22.1571
1978,3,169.7,22.1484
1978,4,34.6,18.5733
1978,5,133.1,16.6
1978,6,10.1,15.4667
1978,7,18.3,17.3129
1978,8,37.8,16.4
1978,9,53.3,17.62
1978,10,120.6,20.3097
1978,11,215.3,20.3767
1978,12,219.4,20.929
1979,1,130.2,19.3355
1979,2,121.3,21.6571
1979,3,175.4,19.9323
1979,4,92.2,18.4067
1979,5,113.1,17.6452
1979,6,16.8,15.0467
1979,7,63.2,14.8742
1979,8,68.8,18.1516
1979,9,200.1,17.0533
1979,10,128.3,20.3806
1979,11,134.0,19.47
1979,12,205.6,21.1806
1980,1,178.2,20.8645
1980,2,166.4,21.8448
1980,3,98.9,22.8968
1980,4,81.3,20.12
1980,5,25.6,18.8871
1980,6,48.4,15.9067
1980,7,40.6,16.2613
1980,8,86.8,17.3839
1980,9,102.5,16.08
1980,10,118.1,19.2742
1980,11,124.2,19.58
1980,12,272.5,21.971
1981,1,324.6,21.6871
1981,2,100.4,22.6179
1981,3,162.1,21.2065
1981,4,64.6,18.7967
1981,5,12.8,18.4935
1981,6,85.6,14.9733
1981,7,130.6,13.5581
1981,8,50.3,16.3742
1981,9,81.2,19.0267
1981,10,150.8,17.3839
1981,11,139.4,20.7867
1981,12,179.4,20.6194
1982,1,180.1,19.9355
1982,2,164.1,22.3786
1982,3,257.7,20.4806
1982,4,44.0,17.9967
1982,5,58.5,16.6226
1982,6,97.0,17.63
1982,7,54.1,16.771
1982,8,66.3,17.5452
1982,9,24.4,18.0733
1982,10,198.9,19.3097
1982,11,183.2,21.6667
1982,12,316.3,20.2968
1983,1,215.5,21.9129
1983,2,231.8,22.5929
1983,3,224.2,20.9355
1983,4,156.8,19.95
1983,5,154.4,19.0935
1983,6,237.1,16.38
1983,7,36.5,17.4581
1983,8,22.5,16.8194
1983,9,306.2,16.4967
1983,10,157.7,18.6097
1983,11,127.7,20.6333
1983,12,212.5,21.3097
1984,1,153.2,23.4323
1984,2,61.2,24.1621
1984,3,144.8,21.2774
1984,4,113.1,19.2467
1984,5,96.4,19.7194
1984,6,8.1,17.7967
1984,7,10.3,17.0742
1984,8,99.7,15.5387
1984,9,131.9,17.13
1984,10,50.2,19.9387
1984,11,181.3,20.4567
1984,12,185.7,20.129
1985,1,240.6,20.3258
1985,2,211.1,22.5464
1985,3,134.2,21.7742
1985,4,101.4,20.49
1985,5,35.4,17.4226
1985,6,17.8,14.91
1985,7,6.4,15.1387
1985,8,35.4,18.3355
1985,9,47.4,18.27
1985,10,59.9,19.9194
1985,11,141.3,20.44
1985,12,171.5,20.8871
1986,1,181.2,22.6419
1986,2,208.0,22.5071
1986,3,340.2,21.4516
1986,4,55.0,20.73
1986,5,84.0,19.3871
1986,6,2.4,16.51
1986,7,59.5,15.4968
1986,8,109.2,17.571
1986,9,60.7,17.47
1986,10,70.5,19.0387
1986,11,122.5,21.6867
1986,12,349.3,21.171
1987,1,213.2,22.7774
1987,2,130.3,22.1429
1987,3,58.1,20.8258
1987,4,89.1,20.9433
1987,5,138.3,17.2
1987,6,105.2,15.2567
1987,7,14.8,17.6161
1987,8,36.5,16.3097
1987,9,119.6,17.1767
1987,10,207.8,19.3226
1987,11,101.8,20.3267
1987,12,188.7,21.529
1988,1,169.4,23.3903
1988,2,267.9,21.2069
1988,3,148.5,21.6548
1988,4,183.3,19.7567
1988,5,177.2,17.4323
1988,6,65.5,14.9033
1988,7,19.8,13.6129
1988,8,2.1,17.4355
1988,9,75.5,19.5467
1988,10,181.1,18.329
1988,11,71.3,19.21
1988,12,145.3,21.2
1989,1,163.1,22.3935
1989,2,299.7,22.1321
1989,3,154.7,21.5968
1989,4,72.5,20.6133
1989,5,38.8,17.1161
1989,6,72.7,15.7667
1989,7,91.6,14.5548
1989,8,48.0,16.271
1989,9,141.7,17.36
1989,10,76.3,17.2
1989,11,138.9,19.3433
1989,12,168.1,20.5323
1990,1,174.9,23.2839
1990,2,153.9,22.4179
1990,3,179.5,22.6
1990,4,104.5,21.8533
1990,5,54.5,16.8871
1990,6,29.8,16.03
1990,7,125.6,14.7419
1990,8,69.5,15.5677
1990,9,123.3,16.3667
1990,10,137.2,20.3226
1990,11,115.3,22.29
1990,12,126.2,21.1839
1991,1,410.3,21.1548
1991,2,203.6,21.3393
1991,3,221.9,20.8613
1991,4,94.2,19.87
1991,5,61.5,17.7452
1991,6,105.1,17.36
1991,7,30.5,15.4677
1991,8,26.8,17.1516
1991,9,104.4,17.5233
1991,10,132.9,19.3968
1991,11,91.5,20.4
1991,12,184.6,22.2355
1992,1,251.5,21.371
1992,2,122.5,22.4414
1992,3,165.6,21.8516
1992,4,42.5,20.0233
1992,5,131.0,18.8516
1992,6,6.8,17.86
1992,7,142.3,15.4968
1992,8,31.9,15.7677
1992,9,107.6,17.2533
1992,10,140.8,19.1419
1992,11,97.5,19.69
1992,12,198.8,20.4742
1993,1,155.4,22.5645
1993,2,227.3,21.6571
1993,3,170.2,21.8968
1993,4,86.9,20.5467
1993,5,71.5,17.8097
1993,6,56.0,15.8
1993,7,39.7,16.9161
1993,8,35.0,15.7613
1993,9,186.1,17.67
1993,10,96.0,20.4194
1993,11,110.3,21.9233
1993,12,129.5,21.5516
1994,1,164.8,21.3935
1994,2,189.6,24.0464
1994,3,154.5,20.7645
1994,4,94.6,19.6533
1994,5,111.0,18.9742
1994,6,65.4,15.6867
1994,7,68.9,16.0968
1994,8,6.1,16.529
1994,9,23.1,19.58
1994,10,102.5,21.1258
1994,11,157.2,21.0833
1994,12,234.9,22.4935
1995,1,246.7,23.2903
1995,2,396.6,22.225
1995,3,166.9,21.329
1995,4,56.5,19.56
1995,5,93.9,17.7355
1995,6,32.2,16.63
1995,7,84.7,17.5226
1995,8,43.1,18.9903
1995,9,90.6,18.7133
1995,10,253.5,18.5935
1995,11,93.9,19.85
1995,12,124.0,20.9806
1996,1,234.4,22.9258
1996,2,210.1,22.5207
1996,3,208.3,21.5968
1996,4,60.7,20.14
1996,5,88.6,16.9677
1996,6,38.5,15.6133
1996,7,23.7,14.571
1996,8,36.7,16.4129
1996,9,170.5,17.2933
1996,10,144.6,19.4968
1996,11,186.4,19.57
1996,12,233.0,21.6452
1997,1,251.5,22.0452
1997,2,116.4,22.4893
1997,3,81.2,20.2323
1997,4,60.1,19.3067
1997,5,64.6,17.4742
1997,6,109.2,16.04
1997,7,13.6,17.1613
1997,8,33.9,17.8452
1997,9,136.2,19.4433
1997,10,210.8,20.2387
1997,11,223.9,21.73
1997,12,160.6,22.6323
1998,1,178.6,23.2
1998,2,239.9,23.0857
1998,3,159.0,22.2516
1998,4,62.6,20.7667
1998,5,138.4,16.9452
1998,6,31.1,15.35
1998,7,18.4,16.3774
1998,8,36.3,18.9387
1998,9,181.9,18.95
1998,10,104.7,18.9742
1998,11,75.4,19.3033
1998,12,179.0,21.8387
1999,1,348.4,22.4355
1999,2,283.5,22.4964
1999,3,131.9,21.8355
1999,4,45.5,19.4767
1999,5,23.0,16.8613
1999,6,63.3,15.99
1999,7,28.9,16.3581
1999,8,10.6,17.0452
1999,9,80.8,18.8667
1999,10,83.2,17.7032
1999,11,119.6,18.3967
1999,12,171.2,21.2806
2000,1,255.8,21.771
2000,2,218.0,21.4414
2000,3,204.8,20.7484
2000,4,12.1,19.8167
2000,5,23.2,17.6484
2000,6,12.9,17.7367
2000,7,61.4,14.8258
2000,8,95.1,16.5484
2000,9,114.2,17.5933
2000,10,59.1,21.7516
2000,11,282.0,20.57
2000,12,189.8,21.5548
2001,1,137.3,22.8258
2001,2,124.8,23.1786
2001,3,181.5,22.2548
2001,4,23.5,21.5367
2001,5,83.3,17.4903
2001,6,16.1,16.8033
2001,7,88.8,16.8065
2001,8,64.2,17.9097
2001,9,76.6,17.9567
2001,10,83.3,19.3774
2001,11,130.2,21.13
2001,12,245.0,21.0032
2002,1,236.0,22.0194
2002,2,160.0,21.0071
2002,3,157.3,23.0226
2002,4,31.4,21.86
2002,5,66.6,19.1452
2002,6,3.2,18.6333
2002,7,15.5,16.6097
2002,8,55.8,19.8742
2002,9,80.9,17.56
2002,10,53.0,22.6387
2002,11,162.1,21.4633
2002,12,195.4,22.3129
2003,1,292.9,22.0065
2003,2,71.0,24.1714
2003,3,139.3,21.5871
2003,4,64.7,20.3967
2003,5,39.6,17.3452
2003,6,8.4,18.7867
2003,7,18.4,17.3516
2003,8,34.1,16.071
2003,9,43.8,18.4333
2003,10,147.1,19.7323
2003,11,117.3,20.29
2003,12,200.2,21.7935
2004,1,202.1,20.8129
2004,2,204.8,20.7276
2004,3,169.5,20.2
2004,4,69.5,20.22
2004,5,75.8,16.8581
2004,6,67.1,16.0667
2004,7,82.2,15.3839
2004,8,3.3,16.7871
2004,9,12.6,21.1567
2004,10,162.8,18.8194
2004,11,134.8,20.21
2004,12,147.0,20.7452
2005,1,346.7,21.5774
2005,2,78.8,21.1393
2005,3,150.3,21.5839
2005,4,71.2,21.27
2005,5,72.7,18.9032
2005,6,27.5,18.01
2005,7,25.5,16.1
2005,8,24.8,18.9806
2005,9,132.4,17.7933
2005,10,120.2,20.9871
2005,11,110.4,19.8233
2005,12,124.3,20.1774
2006,1,146.7,23.0161
2006,2,179.3,22.4429
2006,3,169.9,21.9806
2006,4,46.1,19.2267
2006,5,33.6,16.1935
2006,6,4.8,16.9267
2006,7,48.3,17.8
2006,8,19.1,18.0258
2006,9,90.9,17.9533
2006,10,102.4,19.2032
2006,11,198.8,20.14
2006,12,249.8,21.7129
2007,1,218.3,21.6419
2007,2,158.0,22.3679
2007,3,105.5,22.8419
2007,4,46.0,21.0133
2007,5,64.6,17.1097
2007,6,10.3,17.37
2007,7,162.0,15.8581
2007,8,0.8,17.1839
2007,9,17.0,20.3567
2007,10,87.0,21.1452
2007,11,194.1,19.8267
2007,12,132.2,21.7645
2008,1,204.3,21.1677
2008,2,136.8,21.7345
2008,3,146.2,20.8677
2008,4,122.2,19.9167
2008,5,54.1,16.2581
2008,6,37.1,16.3767
2008,7,1.5,16.6774
2008,8,103.7,18.0806
2008,9,82.1,17.4033
2008,10,148.0,20.1194
2008,11,154.7,19.4
2008,12,184.1,20.2129
2009,1,217.5,21.5581
2009,2,235.0,22.5893
2009,3,113.2,21.8581
2009,4,77.3,19.3467
2009,5,61.6,18.2323
2009,6,44.5,14.79
2009,7,153.8,16.2161
2009,8,73.8,17.271
2009,9,114.0,19.2533
2009,10,131.4,19.2839
2009,11,193.0,22.94
2009,12,245.4,21.5516
2010,1,307.9,22.9774
2010,2,245.7,23.775
2010,3,122.2,22.0484
2010,4,77.6,19.47
2010,5,33.6,17.5419
2010,6,10.7,15.73
2010,7,59.4,17.5161
2010,8,8.1,16.5129
2010,9,83.6,19.5067
2010,10,126.9,18.0645
2010,11,166.4,20.0933
2010,12,244.6,21.6323
2011,1,331.2,22.8226
2011,2,169.2,23.3893
2011,3,182.7,20.6581
2011,4,91.6,20.33
2011,5,22.7,16.6194
2011,6,44.8,14.9433
2011,7,32.4,16.7484
2011,8,47.6,17.7742
2011,9,9.3,17.7533
2011,10,111.0,19.729
2011,11,188.0,18.79
2011,12,172.1,21.1194
2012,1,233.2,20.7484
2012,2,141.6,23.1138
2012,3,88.5,21.4097
2012,4,140.5,20.2333
2012,5,30.6,16.8903
2012,6,175.9,17.0967
2012,7,78.6,16.2065
2012,8,3.9,17.8258
2012,9,80.9,19.5733
2012,10,103.9,21.3613
2012,11,110.2,20.0133
2012,12,202.7,23.5355
2013,1,205.4,21.0968
2013,2,156.4,22.6357
2013,3,172.3,21.1065
2013,4,82.5,18.79
2013,5,68.2,17.9903
2013,6,86.0,17.2467
2013,7,85.3,15.3258
2013,8,7.5,16.7548
2013,9,114.5,18.77
2013,10,132.8,18.7355
2013,11,133.7,20.5367
2013,12,109.9,21.8677
2014,1,113.9,24.1065
2014,2,88.1,24.7357
2014,3,105.2,22.1032
2014,4,53.2,20.02
2014,5,39.0,18.171
2014,6,7.5,17.77
2014,7,54.2,16.3871
2014,8,40.8,17.4935
2014,9,75.0,19.97
2014,10,35.5,20.9032
2014,11,149.2,20.7
2014,12,196.3,22.1903
2015,1,123.6,24.3581
2015,2,213.0,22.4821
2015,3,221.2,21.3355
2015,4,54.2,19.8133
2015,5,75.7,18.0129
2015,6,35.2,17.0633
2015,7,84.9,17.2161
2015,8,37.0,19.0968
2015,9,241.3,20.33
2015,10,54.2,21.5742
2015,11,247.0,21.6233
2015,12,275.1,22.5226
2016,1,229.5,22.0516
2016,2,208.8,23.3345
2016,3,144.1,22.0
2016,4,34.9,22.7067
2016,5,80.0,17.4323
2016,6,126.8,14.5867
2016,7,5.9,16.3387
2016,8,79.9,17.6548
2016,9,25.5,18.1
2016,10,162.8,19.6226
2016,11,198.6,19.8367
2016,12,119.6,22.4484
2017,1,344.3,22.2484
2017,2,66.3,22.8607
2017,3,153.4,20.8194
2017,4,80.7,19.1267
2017,5,88.4,17.7968
2017,6,32.3,16.4767
2017,7,5.2,14.9968
2017,8,37.4,16.2419
2017,9,32.0,19.8367
2017,10,71.4,20.4742
2017,11,103.1,19.4633
2017,12,163.2,21.1935
2018,1,212.6,21.529
2018,2,65.2,20.7821
2018,3,116.8,22.1419
2018,4,24.3,19.5867
2018,5,26.8,17.7774
2018,6,58.8,17.3033
2018,7,19.6,17.1194
2018,8,59.6,15.6258
2018,9,89.5,17.8667
2018,10,122.3,18.9774
2018,11,149.1,19.6967
2018,12,93.5,22.0194
2019,1,159.8,24.0194
2019,2,271.7,21.7714
2019,3,161.1,21.1871
2019,4,107.1,20.61
2019,5,59.8,18.9129
2019,6,26.3,17.1433
2019,7,105.3,15.2677
2019,8,18.5,16.3452
2019,9,50.9,19.0067
2019,10,49.6,20.9065
2019,11,110.9,20.3
2019,12,97.6,21.1
2020,1,273.1,21.6516
2020,2,236.8,21.0069
2020,3,86.1,19.9129
2020,4,10.6,18.7
2020,5,31.2,16.1548
2020,6,62.2,17.99
2020,7,7.6,17.1161
2020,8,78.0,16.4839
2020,9,33.9,20.6767
2020,10,107.3,20.5903
2020,11,112.1,19.33
2020,12,153.9,21.5548
2021,1,209.6,22.6903
2021,2,165.8,21.2357
2021,3,111.0,21.8
2021,4,57.0,18.19
2021,5,36.2,17.0645
2021,6,25.6,15.7867
2021,7,18.9,14.3258
2021,8,33.1,17.4806
2021,9,13.4,19.9467
2021,10,156.1,18.3613
2021,11,60.1,19.3867
2021,12,196.8,20.129
2022,1,290.6,21.729
2022,2,105.6,21.4107
2022,3,169.6,22.1968
2022,4,62.4,19.56
2022,5,24.4,16.5065
2022,6,51.3,15.71
2022,7,8.6,17.3065
2022,8,38.4,15.9774
2022,9,133.7,16.1033
2022,10,152.4,19.4226
2022,11,130.7,17.9367
2022,12,264.7,20.3226
2023,1,208.2,21.0194
2023,2,243.9,21.7786
2023,3,182.4,21.5323
2023,4,113.3,18.5733
2023,5,49.1,17.3613
2023,6,29.3,15.7467
2023,7,20.2,16.3516
2023,8,35.1,18.1645
2023,9,49.6,21.2867
2023,10,188.4,20.5355
2023,11,137.0,22.3667
2023,12,82.2,22.729
2024,1,196.7,22.1935
2024,2,174.7,22.2517
2024,3,142.4,22.0355
2024,4,54.3,21.06
2024,5,38.4,20.3097
2024,6,6.0,18.23
2024,7,36.9,16.229
2024,8,58.2,17.0129
2024,9,14.3,21.78
2024,10,91.3,19.9613
2024,11,199.4,21.2367
2024,12,235.5,22.1903
2025,1,307.9,22.7129
2025,2,123.9,24.6
2025,3,115.5,22.8097
2025,4,139.2,19.9767
2025,5,24.5,18.9194
2025,6,49.0,16.8767
2025,7,10.5,15.5581
2025,8,29.4,17.2871
2025,9,18.3,19.2667
2025,10,150.8,19.2645
2025,11,154.2,20.2433
2025,12,162.1,23.6903
2026,1,282.0,21.8484
2026,2,280.9,22.4929
2026,3,171.1,21.8484
2026,4,110.6,21.2967
2026,5,98.0,18.1355
2026,6,96.1,16.3867
2026,7,26.3,17.5452
